"","ccode","idacr","country","year","leader","group","survival_time","status","GDP_growth_trend","GDP_pc_log"
"1",40,"CUB","Cuba",1954,"Batista","A",1758,2,0.747739777705548,7.76710987819241
"2",41,"HAI","Haiti",1950,"Magloire","B",2408,2,0.978687402900876,6.60720138561126
"3",41,"HAI","Haiti",1956,"Pierre-Louis","B",53,2,1.14376012961911,6.69616967650166
"4",41,"HAI","Haiti",1957,"Sylvain","B",54,2,-0.503066982536519,6.68890001978596
"5",41,"HAI","Haiti",1957,"Cantave","B",4,1,-0.503066982536519,6.68890001978596
"6",41,"HAI","Haiti",1957,"Fignole","B",19,2,-0.503066982536519,6.68890001978596
"7",41,"HAI","Haiti",1957,"Kebreau","B",123,1,-0.503066982536519,6.68890001978596
"8",41,"HAI","Haiti",1961,"Duvalier, Francois","A",3476,1,1.02227128213318,6.56441672305165
"9",41,"HAI","Haiti",1986,"Namphy","B",730,1,1.30615905601405,7.13151703916586
"10",41,"HAI","Haiti",1988,"Namphy","B",89,2,1.18817305844705,7.13815722430485
"11",41,"HAI","Haiti",1988,"Avril","B",539,2,1.18817305844705,7.13815722430485
"12",41,"HAI","Haiti",1991,"Cedras","B",1110,2,0.847103813585773,7.18817177091119
"13",42,"DOM","Dominican Republic",1952,"Rafel Trujillo","A",3209,2,1.40590601315729,6.3600097598172
"14",42,"DOM","Dominican Republic",1961,"Balaguer","B",232,2,0.85245016218017,6.78613664682122
"15",42,"DOM","Dominican Republic",1962,"Echavarria","B",2,2,2.44683437749931,6.89653759537663
"16",42,"DOM","Dominican Republic",1962,"Filiberto Bonnelly","B",404,1,2.44683437749931,6.89653759537663
"17",42,"DOM","Dominican Republic",1963,"de los Santos","B",87,1,0.96648858920157,6.96494341460261
"18",42,"DOM","Dominican Republic",1965,"Molina Urena","B",2,2,-0.413402033116489,6.96564203862498
"19",42,"DOM","Dominican Republic",1965,"Bartolome Benoit","B",10,1,-0.413402033116489,6.96564203862498
"20",42,"DOM","Dominican Republic",2016,"Medina","A",1461,1,1.08766198888551,9.65581299900939
"21",90,"GUA","Guatemala",1954,"Monzon","B",9,2,1.25952890467726,6.88271435573865
"22",90,"GUA","Guatemala",1957,"Mendoza Azurdia","B",3,2,1.19054694070871,7.01085684513362
"23",90,"GUA","Guatemala",1963,"Peralta Azurdia","B",1188,1,1.92436359422084,7.28046025271549
"24",90,"GUA","Guatemala",1982,"Rios Montt","B",503,2,-0.53478174231493,8.16742491288727
"25",90,"GUA","Guatemala",1983,"Mejia Victores","B",890,1,-0.669952300797563,8.16099670442729
"26",90,"GUA","Guatemala",1993,"Espina Salguero","B",1,1,0.94515361028429,8.47361678197568
"27",91,"HON","Honduras",1956,"Hector Caraccioli","B",426,1,4.67158771154581,6.03571107122754
"28",91,"HON","Honduras",1963,"Lopez Arellano","B",2803,1,1.17071796073968,6.30056191639336
"29",91,"HON","Honduras",1972,"Lopez Arellano","B",869,2,1.82639304798598,6.69993128177576
"30",91,"HON","Honduras",2009,"Micheletti","B",213,1,0.249530791403806,8.14283045092096
"31",91,"HON","Honduras",2018,"Hern√°ndez","A",1461,1,0.631981620037648,8.4823934433795
"32",92,"SAL","El Salvador",1960,"Castillo","B",91,2,1.64557805006009,5.96046653470015
"33",92,"SAL","El Salvador",1961,"Portillo","B",365,1,1.34784271708417,5.99969805853504
"34",92,"SAL","El Salvador",1979,"Majano Ramos","B",419,2,-0.439363782906252,6.92773632173388
"35",93,"NIC","Nicaragua",1955,"Anastasio Somoza Garcia","A",492,2,0.614952325158318,6.43992209262023
"36",93,"NIC","Nicaragua",1973,"Anastasio Somoza Debayle","A",2268,2,2.15736629747102,7.4116970634003
"37",93,"NIC","Nicaragua",2012,"Daniel Ortega","A",4339,1,1.66350265494776,7.89984860347219
"38",95,"PAN","Panama",1949,"Chiari, Roberto","B",5,1,0.628663260744413,5.48033054246416
"39",95,"PAN","Panama",1978,"Torrijos Herrera","A",1023,1,3.30796324486109,7.1101057446582
"40",100,"COL","Colombia",1953,"Rojas Pinillia","B",1427,2,1.71086702952711,8.53996063498419
"41",100,"COL","Colombia",2006,"Alvaro Uribe Velez","A",1460,1,1.43393143035854,10.6967375688463
"42",101,"VEN","Venezuela",1953,"Perez Jimenez","A",1532,2,0.740683870553256,8.42584230326218
"43",101,"VEN","Venezuela",2009,"Hugo Chavez","A",1127,1,-0.0682983390096142,10.5910076054684
"44",115,"SUR","Suriname",1980,"Bouterse","B",2721,1,-0.828652893294532,5.68187763926815
"45",115,"SUR","Suriname",1990,"Graanoogst","B",5,1,1.14033146310888,5.79814675269101
"46",130,"ECU","Ecuador",1961,"Arosemena Monroy","B",611,2,0.950082423506393,7.59731302522354
"47",130,"ECU","Ecuador",1963,"Castro","B",992,2,0.757984620610919,7.67710070982723
"48",130,"ECU","Ecuador",1972,"Rodriguez Lara","B",1426,2,1.06896173395808,8.12943970244023
"49",130,"ECU","Ecuador",1976,"Poveda Burbano","B",1307,1,0.843272089536781,8.50380962976505
"50",130,"ECU","Ecuador",2011,"Rafael Correa","A",2321,1,1.83389525801846,9.6284688928766
"51",135,"PER","Peru",1962,"Perez Godoy","B",227,2,1.06377695149128,8.3804839547899
"52",135,"PER","Peru",1968,"Velasco Alvarado","B",2521,2,0.389326852153274,8.70719832048707
"53",135,"PER","Peru",1975,"Morales Bermudez","B",1794,1,0.557319252259538,9.04095746862767
"54",135,"PER","Peru",1995,"Fujimori","A",1944,1,1.46946395447897,9.4593090065888
"55",140,"BRA","Brazil",1954,"Cafe Filho","B",441,1,1.18417365994467,9.53038207795862
"56",140,"BRA","Brazil",1955,"Oliveria Ramos","B",81,1,0.947387078169936,9.58936040449397
"57",140,"BRA","Brazil",1964,"Ranieri Mazzilli","B",13,1,0.594885467158627,10.2080403112838
"58",140,"BRA","Brazil",2000,"Cardoso","A",1096,1,3.12105491098893,12.0158744855827
"59",145,"BOL","Bolivia",1951,"Ballivian Rojas","B",331,2,-2.7801573105326,6.58849172004155
"60",145,"BOL","Bolivia",1964,"Barrientos Ortuna","B",425,1,1.05671213190383,6.75328971625113
"61",145,"BOL","Bolivia",1969,"Ovando Candia","B",375,2,0.784802943997169,6.97721604099124
"62",145,"BOL","Bolivia",1970,"Torres","B",319,2,1.13605873329623,7.01505151991434
"63",145,"BOL","Bolivia",1971,"Banzer Suarez","B",2525,2,1.70844831629067,7.06321766956913
"64",145,"BOL","Bolivia",1978,"Pereda Asbun","B",126,2,0.497168610139952,7.39801547659486
"65",145,"BOL","Bolivia",1978,"Padilla Aranciba","B",257,1,0.497168610139952,7.39801547659486
"66",145,"BOL","Bolivia",1979,"Natusch Busch","B",15,1,0.395526302366188,7.412044990129
"67",145,"BOL","Bolivia",1981,"Torrelio Villa","B",348,2,0.63232010102128,7.43405417188308
"68",145,"BOL","Bolivia",2011,"Juan Morales","A",3214,2,1.15434336530951,8.53087516488379
"69",150,"PAR","Paraguay",1949,"Rolon","B",27,2,38.0213489439164,5.7569313796663
"70",150,"PAR","Paraguay",1949,"Molas Lopez","B",196,2,38.0213489439164,5.7569313796663
"71",150,"PAR","Paraguay",1949,"Chavez","B",1699,2,38.0213489439164,5.7569313796663
"72",150,"PAR","Paraguay",1954,"Pareira","B",66,1,2.30201749804734,5.88655670675501
"73",150,"PAR","Paraguay",1967,"Stroessner","A",7878,2,1.33929126742457,6.37465677936675
"74",150,"PAR","Paraguay",1989,"Rodriguez Pedotti","B",1654,1,1.56214519076202,7.70195792174091
"75",155,"CHL","Chile",1980,"Pinochet","A",3468,1,0.899635754328404,9.16783070413612
"76",160,"ARG","Argentina",1952,"Peron","A",1203,2,0.453121280074886,9.14328530031323
"77",160,"ARG","Argentina",1955,"Lonardi","B",54,2,12.4304116925328,9.24615548495838
"78",160,"ARG","Argentina",1955,"Aramburu","B",900,1,12.4304116925328,9.24615548495838
"79",160,"ARG","Argentina",1962,"Guido","B",562,1,0.225637266716345,9.47778425178697
"80",160,"ARG","Argentina",1966,"Ongania","B",1441,2,0.684064426572103,9.64881753627619
"81",160,"ARG","Argentina",1970,"Lanusse","B",10,1,0.878814032337857,9.83880150051641
"82",160,"ARG","Argentina",1976,"Videla","B",1826,1,0.337266542661291,10.013324837492
"83",160,"ARG","Argentina",1995,"Menem","A",1616,1,0.472864884334083,10.7052341951991
"84",165,"URU","Uruguay",1976,"Demichelli","B",81,2,1.80382341199939,7.90381495798391
"85",165,"URU","Uruguay",1976,"Mendez Manfredini","B",1826,1,1.80382341199939,7.90381495798391
"86",235,"POR","Portugal",1974,"Spinola","B",158,1,0.393957969112613,9.26616431246918
"87",310,"HUN","Hungary",1956,"Gero","B",99,2,0.648268024280856,8.51461246420259
"88",345,"YUG","Serbia",1974,"Tito","A",2251,1,0.622291737332295,9.4546916022547
"89",350,"GRC","Greece",1965,"Athaniadis-Novas","B",21,1,1.26020730502845,8.87614472196402
"90",350,"GRC","Greece",1967,"Kollias","B",236,2,0.823192793167432,9.01500494086817
"91",350,"GRC","Greece",1967,"Papadopoulos","B",2174,2,0.823192793167432,9.01500494086817
"92",350,"GRC","Greece",1973,"Ionannides","B",241,1,0.627525838124812,9.4759398590014
"93",365,"RUS","Russia",1991,"Yeltsin","B",3054,1,2.57875334666674,12.5136871052413
"94",365,"RUS","Russia",2008,"Putin","A",5809,1,0.545925328532256,12.7153514666135
"95",370,"BLR","Belarus",2004,"Lukashenko","A",7069,1,2.15837856092692,9.40188823520463
"96",373,"AZE","Azerbaijan",2003,"H. Aliyev","A",41,1,0.925660848499411,8.27248427008738
"97",373,"AZE","Azerbaijan",2013,"Ilhma Aliyev","A",3767,1,0.283755961683248,9.60958457028725
"98",375,"FIN","Finland",1973,"Kekkonen","A",3116,1,1.34481073092396,9.09227054519916
"99",404,"GNB","Guinea-Bissau",1993,"Vieira","A",2000,2,1.40905602862471,5.13053756406993
"100",404,"GNB","Guinea-Bissau",1999,"Mane","B",7,1,-3.22118224637299,5.21786624215041
"101",404,"GNB","Guinea-Bissau",2003,"Correia Seabra","B",14,1,0.0375116562797615,5.24584442928692
"102",404,"GNB","Guinea-Bissau",2009,"Raimundo Perreira","B",190,1,1.43336793561826,5.37804771775106
"103",404,"GNB","Guinea-Bissau",2012,"Mamadu Ture Kuruma","B",29,1,0.0428855140203203,5.47787260059702
"104",411,"EQG","Equatorial Guinea",1972,"Macias Nguema","A",2486,2,-424.410900180279,4.18308777205649
"105",411,"EQG","Equatorial Guinea",1996,"Nguema Mbasogo","A",9977,1,4.10721753610811,5.31384616816566
"106",420,"GAM","The Gambia",1994,"Jammeh","B",6025,2,0.318598787934647,5.59234054164547
"107",432,"MLI","Mali",1985,"Traore","A",1953,2,4.28770314640307,6.4987097688776
"108",432,"MLI","Mali",1991,"Amadou Toure","B",438,1,1.53881594089696,6.79619335203803
"109",432,"MLI","Mali",2012,"Amadou Sanogo","B",21,1,0.373832292463396,8.06010104902503
"110",434,"BEN","Benin",1963,"Soglo","B",83,1,1.23879296446391,5.90263879786731
"111",434,"BEN","Benin",1965,"Congacou","B",23,2,1.80845612567041,6.01327740743312
"112",434,"BEN","Benin",1965,"Soglo","B",725,2,1.80845612567041,6.01327740743312
"113",434,"BEN","Benin",1967,"Alley","B",228,1,0.657048066629409,6.08646558822478
"114",434,"BEN","Benin",1969,"Kouandete","B",3,1,1.12972412561368,6.17520592880668
"115",434,"BEN","Benin",1983,"Kerekou","A",2716,1,0.0685451730682811,6.54873472911657
"116",435,"MAA","Mauritania",1978,"Ould Mohamed Salek","B",270,2,-0.650735579389354,6.14003324806703
"117",435,"MAA","Mauritania",1984,"Sidi Ahmed Taya","B",7539,2,-1.67044583916365,6.1958247914425
"118",435,"MAA","Mauritania",2005,"Ould Mohamed Vall","B",624,1,2.05096769092279,6.8797836964407
"119",435,"MAA","Mauritania",2008,"Ould Abdel Aziz","B",252,1,0.180945826582835,7.03991798538285
"120",436,"NIR","Niger",1974,"Kountche","B",4955,1,-0.559351988105391,6.65426333878488
"121",436,"NIR","Niger",1996,"Mainassara","B",1170,2,1.11305096272797,6.90303113777819
"122",436,"NIR","Niger",1999,"Wanke","B",255,1,0.517132591673952,7.01775700752945
"123",436,"NIR","Niger",2010,"Djibo","B",423,1,1.38205711815913,7.45520883446983
"124",437,"CDI","Ivory Coast",1999,"Guei","B",305,2,0.350384403268164,8.42776398473981
"125",437,"CDI","Ivory Coast",2005,"Laurent Gbagbo","A",1993,2,-14.1418246389606,8.41791127469665
"126",438,"GUI","Guinea",2001,"Conte","A",2820,1,0.525700854745662,7.45686983577526
"127",438,"GUI","Guinea",2009,"Sekouba Konate","B",381,1,0.114109403562424,7.57364636403521
"128",439,"BFO","Burkina Faso",1966,"Lamizana","B",1836,1,1.628703371196,6.35042662356401
"129",439,"BFO","Burkina Faso",1978,"Lamizana","A",1021,2,2.11800555401987,6.67695498951893
"130",439,"BFO","Burkina Faso",1980,"Zerbo","B",712,2,0.387284815988877,6.73270879455807
"131",439,"BFO","Burkina Faso",1982,"J. P. Ouedraogo","B",270,2,0.810120966630086,6.79448355205297
"132",439,"BFO","Burkina Faso",1983,"Sankara","B",1533,2,-0.129794382494222,6.79090455858479
"133",439,"BFO","Burkina Faso",1997,"Campaore","A",6225,1,1.37741044743339,7.3235600810757
"134",450,"LBR","Liberia",1949,"Tubman","A",8238,1,-3787.7803795586,4.96972996277025
"135",450,"LBR","Liberia",1980,"Doe","B",3802,2,-3.80231373044737,6.03860573341279
"136",451,"SIE","Sierra Leone",1978,"Stevens","A",2780,1,15.7602047507275,6.26670137274045
"137",451,"SIE","Sierra Leone",1992,"Strasser","B",1356,2,-10.7414092544274,6.46122439664186
"138",451,"SIE","Sierra Leone",1996,"Bio","B",72,1,5.02770185593856,6.29671697778445
"139",451,"SIE","Sierra Leone",1997,"Koroma","B",263,2,1.81748165204118,6.19563728507285
"140",452,"GHA","Ghana",1964,"Nkrumah","A",705,2,1.00005480232867,7.93584066299299
"141",452,"GHA","Ghana",1966,"Ankrah","B",1134,1,-0.162670891089924,7.93820899089978
"142",452,"GHA","Ghana",1972,"Acheampong","B",2365,2,-0.387759870639335,8.07881721315915
"143",452,"GHA","Ghana",1979,"Rawlings","B",111,1,-2.19108910745856,8.09605774234423
"144",452,"GHA","Ghana",1981,"Rawlings","B",6947,1,68.5425965008596,8.04532702873146
"145",461,"TOG","Togo",1963,"Grunitzky","B",1458,2,1.1891430672956,5.4421536063853
"146",461,"TOG","Togo",1967,"Dadjo","B",91,2,0.630895084581921,5.82433205027975
"147",461,"TOG","Togo",1977,"Eyadema","A",10159,1,4.02368481279194,6.21975682097272
"148",471,"CAO","Cameroon",1996,"Biya","A",9882,1,4.00691703929702,8.07181942157242
"149",475,"NIG","Nigeria",1966,"Ironsi","B",195,2,-0.473791589773048,9.28981464119611
"150",475,"NIG","Nigeria",1966,"Gowon","B",3287,2,-0.473791589773048,9.28981464119611
"151",475,"NIG","Nigeria",1975,"Ramat Mohammed","B",199,2,0.393103012021591,10.061131950787
"152",475,"NIG","Nigeria",1976,"Obasanjo","B",1326,1,0.648433271944021,10.1137880639457
"153",475,"NIG","Nigeria",1983,"Buhari","B",605,2,2.39447018836819,9.99445216767272
"154",475,"NIG","Nigeria",1985,"Babangida","B",2921,1,-0.285295598020545,9.96386259026787
"155",475,"NIG","Nigeria",1993,"Abacha","B",1664,1,-2.70336969776857,9.75067734054695
"156",481,"GAB","Gabon",1964,"Aubaume","B",2,2,0.950769139757643,5.66884935661608
"157",481,"GAB","Gabon",1996,"Bongo","A",4575,1,1.08812654143443,7.17193788925641
"158",482,"CEN","Central African Republic",1972,"Bokassa","A",2820,2,-0.187302273197966,5.63756788303023
"159",482,"CEN","Central African Republic",1981,"Kolingba","B",4434,1,-5.13483418652925,5.72762269154023
"160",483,"CHA","Chad",1961,"Tombalbaye","A",4993,2,0.892326256779962,6.12952939806388
"161",483,"CHA","Chad",1975,"Malloum","B",1438,2,11.4550046604159,6.32135085834012
"162",483,"CHA","Chad",2005,"Deby","A",5616,2,1.03110836131181,7.41014744086731
"163",484,"CON","Republic of the Congo",1968,"Raoul","B",119,1,1.68203548502639,5.40596027556339
"164",484,"CON","Republic of the Congo",1977,"Opango","B",689,2,-0.111375592061054,5.90637223662264
"165",484,"CON","Republic of the Congo",2007,"Nguesso","A",5887,1,-0.124341407500587,7.21283783117658
"166",490,"DRC","Democratic Republic of the Congo",1960,"Mobutu","B",6,1,0.464294226238699,8.18981321464024
"167",490,"DRC","Democratic Republic of the Congo",1975,"Mobutu","A",7843,2,-2.53588183184064,8.53952184131556
"168",490,"DRC","Democratic Republic of the Congo",2016,"Joseph Kabila","A",1103,1,0.650644157692848,8.92840946316634
"169",500,"UGA","Uganda",1976,"Amin","A",1172,2,5.92484591662357,7.2180646620239
"170",500,"UGA","Uganda",1980,"Paulo Muwanga","B",213,1,0.902242827505764,7.07444191152766
"171",500,"UGA","Uganda",1985,"Okello","B",184,2,-0.0299450693205461,7.20745608621849
"172",500,"UGA","Uganda",2005,"Museveni","A",6876,1,1.2836978096384,8.37109956617666
"173",516,"BUI","Burundi",1966,"Ntare","B",143,2,1.12951936697537,5.4941637162729
"174",516,"BUI","Burundi",1966,"Micombero","B",3626,2,1.12951936697537,5.4941637162729
"175",516,"BUI","Burundi",1976,"Bagaza","B",3950,2,4.22917248996314,5.89812043332862
"176",516,"BUI","Burundi",1987,"Buyoya","B",2137,1,0.638682372871857,6.32663772603328
"177",516,"BUI","Burundi",1993,"Ngueze","B",6,1,-1.54004007502121,6.4195860497795
"178",516,"BUI","Burundi",1996,"Buyoya","B",2470,1,1.47185965192596,6.25727095751107
"179",517,"RWA","Rwanda",1988,"Habyarimana","A",2101,2,0.984357809017815,6.72865134009917
"180",517,"RWA","Rwanda",2008,"Paul Kagame","A",5609,1,0.990536957037354,7.31201232434292
"181",522,"DJI","Djibouti",1989,"Gouled Aptidon","A",3602,1,-0.458013371886148,5.00876020387954
"182",522,"DJI","Djibouti",2010,"Guelleh","A",4951,1,0.710912575924465,5.57262920443665
"183",530,"ETH","Ethiopia",1974,"Andom","B",72,2,0.374523005159924,7.87848571011645
"184",530,"ETH","Ethiopia",1977,"Mengistu Marriam","B",5212,2,0.591228811138323,7.92714685537924
"185",531,"ERI","Eritrea",2003,"Afeworki","A",7492,1,0.394174159824075,8.79159213239962
"186",540,"ANG","Angola",1992,"Dos Santos","A",9146,1,-0.853442764962953,8.1491701001339
"187",552,"ZIM","Zimbabwe",1987,"Mugabe","A",11220,2,1.23201144708825,8.08132042088665
"188",553,"MAW","Malawi",1971,"Banda","A",8355,1,2.07897870088961,6.31243148112118
"189",565,"NAM","Namibia",2000,"Nujoma","A",1826,1,0.93674061246072,7.08626457834807
"190",570,"LES","Lesotho",1986,"Lekhanya","B",1924,2,1.71817329351144,5.39365481870774
"191",570,"LES","Lesotho",1991,"Ramaema","B",701,1,0.689226724363454,5.67421290569003
"192",570,"LES","Lesotho",1994,"Letsie III","B",28,1,0.959393779670312,5.82247768674573
"193",572,"SWA","Eswatini",1983,"Ntombe Thwala","B",989,1,0.550266452577614,5.62781533943191
"194",580,"MAG","Madagascar",1975,"Gilles Andriamahazo","B",124,1,-0.16228638815388,7.2231607324559
"195",580,"MAG","Madagascar",2002,"Marc Ravalomanana","B",2446,2,-0.850260489332913,7.61560632590728
"196",580,"MAG","Madagascar",2009,"Rajoelina","B",1775,1,0.0297331348159939,7.92394962467075
"197",581,"COM","Comoros",1978,"Bob Denard","B",4237,2,1.19668415710336,4.267555296788
"198",581,"COM","Comoros",1999,"Azali Assoumani","B",997,1,2.29783543672738,4.85756181166129
"199",581,"COM","Comoros",2010,"Sambi","A",365,1,3.21710417946289,5.09271899444958
"200",615,"ALG","Algeria",1965,"Boumedienne","B",4939,1,1.92179004167685,8.76909289283585
"201",615,"ALG","Algeria",1992,"Boudiaf","B",167,2,1.0867738621935,10.0743515548525
"202",615,"ALG","Algeria",2009,"Bouteflika","A",3627,2,-0.143633481073977,10.685493899787
"203",616,"TUN","Tunisia",1975,"Ben Ali Bourguiba","A",4488,2,0.770443558996119,7.7750175182889
"204",616,"TUN","Tunisia",1997,"Zine Al-Abidine Ben Ali","A",4816,2,0.757952357796095,8.91004076551185
"205",620,"LIB","Libya",1969,"Qaddafi","B",15331,2,0.695235835432756,8.07978127504843
"206",625,"SUD","Sudan",1958,"Abboud","B",2175,2,0.969372976421591,7.41586120772816
"207",625,"SUD","Sudan",1969,"Nimeiri","B",785,2,1.68722310009429,7.61867115705963
"208",625,"SUD","Sudan",1971,"Osman","B",3,2,1.07083785017765,7.67714009093232
"209",625,"SUD","Sudan",1971,"Nimeiri","B",5007,2,1.07083785017765,7.67714009093232
"210",625,"SUD","Sudan",1985,"Abdul Rahman Swaredahab","B",395,1,-0.156910722831434,8.18683268009501
"211",625,"SUD","Sudan",1999,"Al-Bashir","A",7225,2,0.858627375519549,8.70943092006411
"212",630,"IRN","Iran",1951,"Mohammad Mossadeg","B",842,2,0.665466486509866,8.53774044337144
"213",630,"IRN","Iran",1953,"Mohammad Reza","B",9281,2,0.544575554445613,8.55884095689379
"214",640,"TUR","Turkey",1960,"Gursel","B",532,1,0.493312689945378,9.46507266381241
"215",640,"TUR","Turkey",1971,"Erim","B",395,1,1.14414793440509,10.0817105968906
"216",640,"TUR","Turkey",1980,"Evren","B",1159,1,0.4288568154308,10.4697215630709
"217",640,"TUR","Turkey",1997,"Yilmaz","B",560,1,1.57977348679354,11.276635058734
"218",640,"TUR","Turkey",2017,"Erdogan","A",2449,1,1.45411478419557,12.1888724618381
"219",645,"IRQ","Iraq",1958,"Karrim Kassem","B",1670,2,1.14198771071522,8.33846907606341
"220",645,"IRQ","Iraq",1963,"Salem Aref","B",1160,1,0.587689877548591,8.6967998996749
"221",645,"IRQ","Iraq",1968,"Hassan Al-Bakr","B",4016,1,-7.84934744699399,8.69183600867208
"222",651,"EGY","Egypt",1952,"Naguib","B",844,1,1.88690576926674,7.76728897527684
"223",652,"SYR","Syria",1949,"Al-Zaim","B",136,2,1.34896910890352,6.9369518797143
"224",652,"SYR","Syria",1949,"Hinnawi","B",128,2,1.34896910890352,6.9369518797143
"225",652,"SYR","Syria",1949,"Shishakli","B",1532,2,1.34896910890352,6.9369518797143
"226",652,"SYR","Syria",1954,"Atassi, H.","B",555,1,1.11626214380756,7.27490358528604
"227",652,"SYR","Syria",1961,"Al-kuzbari","B",64,1,-0.554502654382326,7.22105465831394
"228",652,"SYR","Syria",1962,"Zahreddin","B",16,1,-3.43886239759978,7.32104304350744
"229",652,"SYR","Syria",1963,"Atassi, L.","B",140,2,0.744763203895839,7.33420336325223
"230",652,"SYR","Syria",1966,"El-Atassi, N.","B",1722,2,-0.355001413288017,7.42839023356225
"231",652,"SYR","Syria",1970,"Al-Khatib","B",96,1,0.864059231952908,7.73262740903023
"232",660,"LEB","Lebanon",1995,"Elias Hrawi","A",1097,1,0.75544403834902,7.89268100497944
"233",660,"LEB","Lebanon",2004,"Emile Lahoud","A",1094,1,1.23331716827783,8.42762881283506
"234",660,"LEB","Lebanon",2008,"Suleiman","B",2190,1,1.48839733560776,8.67576152758633
"235",678,"YEM","Yemen",1962,"AL-Sallal","B",1865,2,1.70284683186832,6.71410256643496
"236",678,"YEM","Yemen",1967,"Al-Iryani","B",2412,2,1.41003021859239,6.86470998142098
"237",678,"YEM","Yemen",1974,"Al-Hamadi","B",1216,2,0.697460075912706,7.47063658644308
"238",680,"YPR","South Yemen",1986,"Attas","B",1579,1,-0.925588437855732,6.75215705196379
"239",694,"QAT","Qatar",1972,"Khalifah Ath-Thani","B",8526,2,0.72715295290025,7.1842871685461
"240",694,"QAT","Qatar",1995,"Hamad ibn Khalifah Al Thani","B",6573,1,1.93251630471816,7.47530862385327
"241",698,"OMA","Oman",1970,"Qabus Bin Said","B",18068,1,0.46115541796021,6.51168589251434
"242",700,"AFG","Afghanistan",1953,"Sardar Mohammad Daud Khan","B",3471,1,2.35282968052394,7.49790636864988
"243",700,"AFG","Afghanistan",1973,"Sardar Mohammad Daud Khan","B",1745,2,-0.250741922826274,7.74959871960189
"244",700,"AFG","Afghanistan",1978,"Taraki","B",331,2,0.874908057869593,7.83572632956568
"245",700,"AFG","Afghanistan",1979,"Amin","B",275,2,0.648531278252321,7.84519126583617
"246",701,"TKM","Turkmenistan",1999,"Niyazov","A",2612,1,14.8204352951265,7.9203506051575
"247",702,"TAJ","Tajikistan",2002,"Rakhmonov","A",7677,1,2.14023910758584,7.07701017086074
"248",703,"KYR","Kyrgyzstan",2000,"Akayev","A",1610,2,13.8116522568295,7.24530550579166
"249",704,"UZB","Uzbekistan",2004,"Karimov","A",4545,1,1.2646898248302,9.55110822634942
"250",705,"KZK","Kazakhstan",2000,"Nazarbayev","A",6904,1,-27.8513905432595,9.46237780549247
"251",713,"TAW","Taiwan",1950,"Chiang Kai-shek","B",9166,1,0.384060893490837,7.21190722538981
"252",732,"ROK","South Korea",1952,"Rhee","A",2812,2,5.36892714412464,7.92325548760241
"253",732,"ROK","South Korea",1961,"Chang Do Yong","B",46,2,1.52984914981935,8.33027934618845
"254",732,"ROK","South Korea",1971,"Hee Park","A",3037,2,1.01239878870537,9.22919892632472
"255",732,"ROK","South Korea",1979,"Choi Kuy Hay","B",295,1,0.529699648186197,10.058542737461
"256",770,"PAK","Pakistan",1958,"Ayub Khan","B",3822,2,1.14130810225936,8.63353002627263
"257",770,"PAK","Pakistan",1971,"Bhutto","B",2024,2,0.554516120107925,9.35762758055024
"258",770,"PAK","Pakistan",1977,"Zia","B",4061,2,1.25939935718526,9.59953780946023
"259",770,"PAK","Pakistan",1993,"Mazari","B",38,1,0.683969575952681,10.5014211186292
"260",770,"PAK","Pakistan",1996,"Khalid","B",104,1,0.988032750115636,10.6279526667699
"261",770,"PAK","Pakistan",1999,"Musharraf","B",3231,1,1.23119125010548,10.7163202024219
"262",771,"BNG","Bangladesh",1975,"Moshtaque Ahmed","B",83,2,-0.140994982886837,9.03904765334616
"263",771,"BNG","Bangladesh",1975,"Ziaur Rahman","B",2032,2,-0.140994982886837,9.03904765334616
"264",771,"BNG","Bangladesh",1981,"Sattar","B",294,2,0.807695939552306,9.2658078124818
"265",771,"BNG","Bangladesh",1982,"Ershad","B",3176,2,0.862448966612856,9.29269305575324
"266",775,"MYA","Burma/Myanmar",1962,"Ne Win","B",9642,1,0.0594695031190266,7.53133370798231
"267",775,"MYA","Burma/Myanmar",1988,"Saw Maung","B",1313,1,4.27828877988833,8.25169913425329
"268",790,"NEP","Nepal",1951,"Tribhuvan","B",1484,1,6.06151059217969,6.57864964221438
"269",800,"THI","Thailand",1957,"Pote Sarasin","B",97,1,2.29728394447506,8.0157200300467
"270",800,"THI","Thailand",1976,"Sangad","B",16,1,1.25017543440637,9.52904272673075
"271",800,"THI","Thailand",1977,"Sangad","B",23,1,1.44224058116061,9.61792536487332
"272",800,"THI","Thailand",1991,"Panyarachun","B",394,1,0.845312430400091,10.6181638593309
"273",800,"THI","Thailand",2006,"Chulanont","B",497,1,0.824350106403859,11.3020975143587
"274",800,"THI","Thailand",2014,"Prayuth Chan-ocha","B",3379,1,0.344858378842398,11.5850535870851
"275",811,"CAM","Cambodia",1970,"Lon Nol","B",1849,2,2.31181791736307,6.84526585700618
"276",811,"CAM","Cambodia",1997,"Hun Sen","A",9543,1,2.69334159124822,7.35578869591575
"277",812,"LAO","Laos",1959,"Nosavan","B",7,1,0.834717633722217,5.20298968659058
"278",812,"LAO","Laos",1960,"Kong Le","B",6,1,0.651478364691649,5.21861918285263
"279",812,"LAO","Laos",1960,"Boun Oum","B",556,1,0.651478364691649,5.21861918285263
"280",812,"LAO","Laos",1964,"Kouprasith","B",1,1,0.847207107350534,5.33166509822706
"281",817,"RVN","Republic of Vietnam",1963,"Minh","B",90,2,-0.96419112585131,6.90480593393677
"282",817,"RVN","Republic of Vietnam",1964,"Khanh","B",279,2,0.888436970752271,6.91289405283808
"283",817,"RVN","Republic of Vietnam",1965,"Khahn","B",25,2,1.30358369557657,6.92132775481191
"284",817,"RVN","Republic of Vietnam",1965,"Van Thieu","B",3598,2,1.30358369557657,6.92132775481191
"285",840,"PHI","Philippines",1973,"Marcos","A",4440,2,1.39953873589373,9.43430726425218
"286",850,"INS","Indonesia",1963,"Sukarno","A",806,2,0.585232583090151,9.52768046504817
"287",850,"INS","Indonesia",1966,"Suharto","B",11758,1,0.512384336173924,9.54289085714459
"288",940,"SOL","Solomon Islands",1994,"Mamaloni","B",1031,1,1.08208008856543,4.54997455052014
"289",950,"FJI","Fiji",1987,"Rabuka","B",205,1,0.214810142218397,5.9783666428388
"290",950,"FJI","Fiji",2000,"Laisenia Qarase","B",2335,2,0.158841789399737,6.34513448052178
"291",950,"FJI","Fiji",2006,"Senilagakali","B",31,1,0.911337939626417,6.45937536294665
